-- Sequência usada para os departamentos.
CREATE SEQUENCE seqDepartamento INCREMENT BY 1 START WITH 1;

-- Sequência usada para os contratos.
CREATE SEQUENCE seqContrato INCREMENT BY 1 START WITH 1;

-- Tabela Endereço
CREATE TABLE ENDERECO(
    cep VARCHAR2(10),
    rua VARCHAR2(100) NOT NULL,
    bairro VARCHAR2(100) NOT NULL,
    cidade VARCHAR2(100) NOT NULL,
    estado CHAR(2) NOT NULL,
    
    CONSTRAINT ENDERECO_pkey PRIMARY KEY(cep)
);

-- Tabela Pessoa
CREATE TABLE PESSOA(
    id_pessoa INTEGER,
    cep VARCHAR2(10) NOT NULL,
    numero INTEGER NOT NULL,
    
    CONSTRAINT PESSOA_fkey FOREIGN KEY(cep) REFERENCES ENDERECO(cep),
    CONSTRAINT PESSOA_pkey PRIMARY KEY(id_pessoa)
);

-- Tabela para os telefones das pessoas
CREATE TABLE TELEFONE(
    id_pessoa_telefone INTEGER,
    num_telefone VARCHAR2(15),
    
    CONSTRAINT TELEFONE_fkey FOREIGN KEY(id_pessoa_telefone) REFERENCES PESSOA(id_pessoa)
);

-- Tabela para os emails das pessoas
CREATE TABLE EMAIL(
    id_pessoa_email INTEGER,
    endereco_email VARCHAR2(50),
    
    CONSTRAINT EMAIL_fkey FOREIGN KEY(id_pessoa_email) REFERENCES PESSOA(id_pessoa)
); 

-- Tabela EMPRESA
CREATE TABLE EMPRESA(
    id_pessoa_empresa INTEGER,
    cnpj VARCHAR2(20) NOT NULL, 
    razao_social VARCHAR2(50) NOT NULL,
    nome_fantasia VARCHAR2(50) NOT NULL,
    
    CONSTRAINT EMPRESA_const UNIQUE(cnpj),
    CONSTRAINT EMPRESA_fkey FOREIGN KEY(id_pessoa_empresa) REFERENCES PESSOA(id_pessoa),
    CONSTRAINT EMPRESA_pkey PRIMARY KEY(id_pessoa_empresa)
);

-- Tabela de Pessoa Física
CREATE TABLE PESSOA_FISICA(
    id_pessoa_fisica INTEGER,
    cpf VARCHAR2(15) NOT NULL,
    nome VARCHAR2(100) NOT NULL,
    data_de_nascimento DATE,
    
    CONSTRAINT PESSOA_FISICA_const UNIQUE(cpf),
    CONSTRAINT PESSOA_FISICA_fkey FOREIGN KEY(id_pessoa_fisica) REFERENCES PESSOA(id_pessoa),
    CONSTRAINT PESSOA_FISICA_pkey PRIMARY KEY(id_pessoa_fisica)
);

-- Tabela de Sócios
CREATE TABLE SOCIO(
    id_socio INTEGER,
    numero_registro INTEGER,
    data_afiliacao DATE,
    valor_investimento NUMBER(10,2), 
    porcentagem_nos_lucros FLOAT(2),
    
    CONSTRAINT SOCIO_const UNIQUE(numero_registro),
    CONSTRAINT SOCIO_fkey FOREIGN KEY(id_socio) REFERENCES PESSOA_FISICA(id_pessoa_fisica),
    CONSTRAINT SOCIO_pkey PRIMARY KEY(id_socio)
);

-- Tabela de DEPARTAMENTOS
CREATE TABLE DEPARTAMENTO(
    numero INTEGER,
    id_empresa_dep INTEGER, 
    nome VARCHAR2(80),
    data_criacao DATE,
    situacao CHAR(1),
    
    CONSTRAINT DEPARTAMENTO_fkey FOREIGN KEY(id_empresa_dep) REFERENCES EMPRESA(id_pessoa_empresa),
    CONSTRAINT DEPARTAMENTO_pkey PRIMARY KEY(numero),
    
    CONSTRAINT DEPARTAMENTO_check CHECK(situacao = 'A' OR situacao = 'I')

);

-- Tabela de CONTRATO
CREATE TABLE CONTRATO(
    numero_contrato INTEGER,
    tipo_contrato VARCHAR2(80),
    data_admissao DATE, 
    cargo VARCHAR2(50), 
    salario_bruto_mensal NUMBER(10,2),
    jornada_trabalho_semanal INTEGER,
    
    CONSTRAINT CONTRATO_pkey PRIMARY KEY(numero_contrato),

    CONSTRAINT CONTRATO_check1 CHECK(salario_bruto_mensal >= 1100.00),
    CONSTRAINT CONTRATO_check2 CHECK(jornada_trabalho_semanal <= 44)
);

-- Tabela de FUNCIONÁRIOS
CREATE TABLE FUNCIONARIO(
    id_funcionario INTEGER,
    ctps VARCHAR2(15),
    numero_departamento INTEGER, 
    id_gerente INTEGER, 
    numero_contrato_func INTEGER, 
    id_empresa_func INTEGER, 
    
    CONSTRAINT FUNCIONARIO_const UNIQUE(ctps),
    
    CONSTRAINT FUNCIONARIO_fkey1 FOREIGN KEY(numero_departamento) -- FK Dep
        REFERENCES DEPARTAMENTO(numero),
    
    CONSTRAINT FUNCIONARIO_fkey2 FOREIGN KEY(numero_contrato_func) -- FK Contrato
        REFERENCES CONTRATO(numero_contrato),
    
    CONSTRAINT FUNCIONARIO_fkey3 FOREIGN KEY(id_empresa_func) -- FK Empresa
        REFERENCES EMPRESA(id_pessoa_empresa),
    
    CONSTRAINT FUNCIONARIO_pkey PRIMARY KEY(id_funcionario), -- PK
    
    CONSTRAINT FUNCIONARIO_fkey4 FOREIGN KEY(id_gerente) -- Auto relacionamento
        REFERENCES FUNCIONARIO(id_funcionario)
);

-- Tabela CONTA BANCÁRIA
CREATE TABLE CONTA_BANCARIA(
    agencia INTEGER, 
    numero_conta INTEGER,
    numero_banco INTEGER, 
    id_titular INTEGER, 
    
    CONSTRAINT CONTA_BANCARIA_fkey FOREIGN KEY(id_titular)
        REFERENCES PESSOA(id_pessoa),
    
    CONSTRAINT CONTA_BANCARIA_pkey PRIMARY KEY(agencia, numero_conta)
);

-- Tabela VANTAGENS
CREATE TABLE VANTAGEM(
    codigo INTEGER, 
    descricao VARCHAR2(50),
    valor NUMBER(10,2),
    
    CONSTRAINT VANTAGEM_pkey PRIMARY KEY(codigo)
);

-- Tabela DESCONTOS
CREATE TABLE DESCONTO(
    codigo INTEGER, 
    descricao VARCHAR2(50),
    valor NUMBER(10,2),
    
    CONSTRAINT DESCONTO_pkey PRIMARY KEY(codigo)
);

-- Tabela PONTO
CREATE TABLE PONTO(
    protocolo INTEGER,
    data_atual DATE, 
    funcionario INTEGER, 
    
    CONSTRAINT PONTO_fkey FOREIGN KEY(funcionario) -- FK Empresa
        REFERENCES FUNCIONARIO(id_funcionario),
        
    CONSTRAINT PONTO_pkey PRIMARY KEY(protocolo)
);

-- Tabela Entrada
CREATE TABLE ENTRADA(
    hora_entrada VARCHAR2(12), 
    protocolo_ponto INTEGER,
    
    CONSTRAINT ENTRADA_fkey FOREIGN KEY(protocolo_ponto)
        REFERENCES PONTO(protocolo),
        
    CONSTRAINT ENTRADA_pkey PRIMARY KEY(hora_entrada, protocolo_ponto)
);

-- Tabela SAÍDA
CREATE TABLE SAIDA(
    hora_saida VARCHAR2(12),
    protocolo_ponto INTEGER,
    
    CONSTRAINT SAIDA_fkey FOREIGN KEY(protocolo_ponto)
        REFERENCES PONTO(protocolo),
        
    CONSTRAINT SAIDA_pkey PRIMARY KEY(hora_saida, protocolo_ponto)
);

-- Tabela PARTICIPAÇÃO
CREATE TABLE PARTICIPACAO(
    socio INTEGER, 
    empresa INTEGER, 
    
    CONSTRAINT PARTICIPACAO_fkey1 FOREIGN KEY(socio)
        REFERENCES SOCIO(id_socio),
        
    CONSTRAINT PARTICIPACAO_fkey2 FOREIGN KEY(empresa)
        REFERENCES EMPRESA(id_pessoa_empresa),
        
    CONSTRAINT PARTICIPACAO_pkey PRIMARY KEY(socio, empresa)
);

-- Tabela Bônus
CREATE TABLE BONUS(
    identificador INTEGER, 
    porcentagem_bonus FLOAT(2), 
    socio_bonus INTEGER, 
    empresa_bonus INTEGER, 
    
    CONSTRAINT PARTICIPACAO_fkey FOREIGN KEY(socio_bonus, empresa_bonus)
        REFERENCES PARTICIPACAO(socio, empresa),
    
    CONSTRAINT BONUS_pkey PRIMARY KEY(identificador)
);

-- Tabela ACRÉSCIMO
CREATE TABLE ACRESCIMO(
    codigo_vantagem INTEGER, 
    num_contrato INTEGER, 
    
    CONSTRAINT ACRESCIMO_fkey1 FOREIGN KEY(codigo_vantagem)
        REFERENCES VANTAGEM(codigo),
        
    CONSTRAINT ACRESCIMO_fkey2 FOREIGN KEY(num_contrato)
        REFERENCES CONTRATO(numero_contrato),
        
    CONSTRAINT ACRESCIMO_pkey PRIMARY KEY(codigo_vantagem, num_contrato)
);

-- Tabela APLICAÇÃO
CREATE TABLE APLICACAO(
    codigo_desconto INTEGER, 
    num_contrato INTEGER, 
    
    CONSTRAINT APLICACAO_fkey1 FOREIGN KEY(codigo_desconto)
        REFERENCES DESCONTO(codigo),
        
    CONSTRAINT APLICACAO_fkey2 FOREIGN KEY(num_contrato)
        REFERENCES CONTRATO(numero_contrato),
        
    CONSTRAINT APLICACAO_pkey PRIMARY KEY(codigo_DESCONTO, num_contrato)
);

-- Tabela PAGAMENTO
CREATE TABLE PAGAMENTO(
    empresa INTEGER, 
    funcionario INTEGER, 
    data_pagamento DATE, 

    CONSTRAINT PAGAMENTO_fkey1 FOREIGN KEY(empresa)
        REFERENCES EMPRESA(id_pessoa_empresa),
        
    CONSTRAINT PAGAMENTO_fkey2 FOREIGN KEY(funcionario)
        REFERENCES FUNCIONARIO(id_funcionario),
    
    CONSTRAINT PAGAMENTO_pkey PRIMARY KEY(empresa, funcionario, data_pagamento)
);


-- INSERTS

-- ANTES DE FAZER OS INSERTS, DEFINO QUAL É O FUSO HORÁRIO
ALTER SESSION SET TIME_ZONE = '-3:0';

-- ENDERECO
INSERT INTO ENDERECO VALUES ('12345678', 'Rua 1', 'Bairro 1', 'Recife', 'PE');
INSERT INTO ENDERECO VALUES ('12345679', 'Rua 2', 'Bairro 2', 'Rio de Janeiro', 'RJ');
INSERT INTO ENDERECO VALUES ('12345670', 'Rua 3', 'Bairro 3', 'Lagoa', 'RJ');
INSERT INTO ENDERECO VALUES ('12345671', 'Rua 4', 'Bairro 4', 'São Paulo', 'SP');
INSERT INTO ENDERECO VALUES ('12345672', 'Rua 5', 'Bairro 5', 'Belo Horizonte', 'MG');
INSERT INTO ENDERECO VALUES ('12345675', 'Rua 6', 'Bairro 6', 'Santa Maria', 'DF');
INSERT INTO ENDERECO VALUES ('23456789', 'Rua 7', 'Bairro 7', 'Salvador', 'BA');
INSERT INTO ENDERECO VALUES ('23456780', 'Rua 8', 'Bairro 8', 'Porto Alegre', 'RS');
INSERT INTO ENDERECO VALUES ('23456781', 'Rua 9', 'Bairro 9', 'Belém', 'PA');
INSERT INTO ENDERECO VALUES ('23456782', 'Rua A', 'Bairro A', 'Goiânia', 'GO');
INSERT INTO ENDERECO VALUES ('23456783', 'Rua B', 'Bairro B', 'Maceió', 'AL');
INSERT INTO ENDERECO VALUES ('23456784', 'Rua C', 'Bairro C', 'Juazeiro do Norte', 'CE');
INSERT INTO ENDERECO VALUES ('34567890', 'Rua D', 'Bairro D', 'Sumaré', 'SP');
INSERT INTO ENDERECO VALUES ('34567891', 'Rua E', 'Bairro E', 'Barueri', 'SP');
INSERT INTO ENDERECO VALUES ('34567892', 'Rua F', 'Bairro F', 'Imperatriz', 'MA');
INSERT INTO ENDERECO VALUES ('34567893', 'Rua G', 'Bairro G', 'Cabo de Santo Agostinho', 'PE');
INSERT INTO ENDERECO VALUES ('34567894', 'Rua H', 'Bairro H', 'Angra dos Reis', 'RJ');
INSERT INTO ENDERECO VALUES ('34567895', 'Rua I', 'Bairro I', 'Lages', 'SC');
INSERT INTO ENDERECO VALUES ('45678910', 'Rua J', 'Bairro J', 'Camaragibe', 'PE');
INSERT INTO ENDERECO VALUES ('45678911', 'Rua K', 'Bairro K', 'Sonhos', 'AM');
INSERT INTO ENDERECO VALUES ('45678912', 'Rua L', 'Bairro L', 'Pesadelos', 'PR');
INSERT INTO ENDERECO VALUES ('45678913', 'Rua M', 'Bairro M', 'Tears', 'DF');
INSERT INTO ENDERECO VALUES ('45678914', 'Rua N', 'Bairro N', 'Love', 'MS');
INSERT INTO ENDERECO VALUES ('45678915', 'Rua O', 'Bairro O', 'Nossa Senhora do Socorro', 'SE');

-- PESSOA
-- Empresas
INSERT INTO PESSOA VALUES (1,  '12345678', 29);
INSERT INTO PESSOA VALUES (2,  '12345678', 14);
INSERT INTO PESSOA VALUES (3,  '12345671', 41);
INSERT INTO PESSOA VALUES (4,  '12345671', 11);
INSERT INTO PESSOA VALUES (5,  '12345671', 20);
INSERT INTO PESSOA VALUES (6,  '12345672', 38);
INSERT INTO PESSOA VALUES (7,  '23456789', 19);
INSERT INTO PESSOA VALUES (8,  '23456783', 21);
INSERT INTO PESSOA VALUES (9,  '45678915', 47);
INSERT INTO PESSOA VALUES (10, '45678914', 23);
--
INSERT INTO PESSOA VALUES (11, '12345678', 68);
INSERT INTO PESSOA VALUES (12, '12345678', 71);
INSERT INTO PESSOA VALUES (13, '34567892', 69);
INSERT INTO PESSOA VALUES (14, '45678912', 56);
INSERT INTO PESSOA VALUES (15, '45678914', 71);
INSERT INTO PESSOA VALUES (16, '45678910', 78);
INSERT INTO PESSOA VALUES (17, '34567891', 91);
INSERT INTO PESSOA VALUES (18, '23456781', 84);
INSERT INTO PESSOA VALUES (19, '23456781', 67);
INSERT INTO PESSOA VALUES (20, '45678915', 99);

INSERT INTO PESSOA VALUES (21, '23456782', 101);
INSERT INTO PESSOA VALUES (22, '12345670', 247);
INSERT INTO PESSOA VALUES (23, '12345675', 199);
INSERT INTO PESSOA VALUES (24, '23456781', 360);
INSERT INTO PESSOA VALUES (25, '12345679', 206);
INSERT INTO PESSOA VALUES (26, '23456784', 489);
INSERT INTO PESSOA VALUES (27, '34567890', 114);
INSERT INTO PESSOA VALUES (28, '34567891', 219);
INSERT INTO PESSOA VALUES (29, '12345671', 475);
INSERT INTO PESSOA VALUES (30, '12345671', 132);

INSERT INTO PESSOA VALUES (31, '45678911', 505);
INSERT INTO PESSOA VALUES (32, '45678911', 603);
INSERT INTO PESSOA VALUES (33, '45678910', 902);
INSERT INTO PESSOA VALUES (34, '23456781', 881);
INSERT INTO PESSOA VALUES (35, '12345672', 606);
INSERT INTO PESSOA VALUES (36, '34567894', 789);
INSERT INTO PESSOA VALUES (37, '12345672', 614);
INSERT INTO PESSOA VALUES (38, '45678912', 741);
INSERT INTO PESSOA VALUES (39, '23456782', 698);
INSERT INTO PESSOA VALUES (40, '12345678', 999);

-- TELEFONE
INSERT INTO TELEFONE VALUES (1,  81934648400);
INSERT INTO TELEFONE VALUES (1,  81998763432);
INSERT INTO TELEFONE VALUES (2,  32934648410);
INSERT INTO TELEFONE VALUES (3,  66998763423);
INSERT INTO TELEFONE VALUES (3,  21934648421);
INSERT INTO TELEFONE VALUES (3,  19998763422);
INSERT INTO TELEFONE VALUES (4,  13934648423);
INSERT INTO TELEFONE VALUES (5,  11998763424);
INSERT INTO TELEFONE VALUES (5,  11934648425);
INSERT INTO TELEFONE VALUES (6,  87998763433);
INSERT INTO TELEFONE VALUES (7,  86994763433);
INSERT INTO TELEFONE VALUES (8,  86997783433);
INSERT INTO TELEFONE VALUES (8,  84934648425);
INSERT INTO TELEFONE VALUES (9,  84998761234);
INSERT INTO TELEFONE VALUES (10, 83994761235);
INSERT INTO TELEFONE VALUES (10, 82997782347);

INSERT INTO TELEFONE VALUES (11, 43214648400);
INSERT INTO TELEFONE VALUES (12, 43208763432);
INSERT INTO TELEFONE VALUES (13, 43294648410);
INSERT INTO TELEFONE VALUES (14, 43288763423);
INSERT INTO TELEFONE VALUES (15, 43274648421);
INSERT INTO TELEFONE VALUES (16, 43268763422);
INSERT INTO TELEFONE VALUES (17, 43244648423);
INSERT INTO TELEFONE VALUES (18, 42338763424);
INSERT INTO TELEFONE VALUES (19, 54324648425);
INSERT INTO TELEFONE VALUES (20, 54338763433);
INSERT INTO TELEFONE VALUES (21, 54344763433);
INSERT INTO TELEFONE VALUES (22, 54357783433);
INSERT INTO TELEFONE VALUES (23, 54364648425);
INSERT INTO TELEFONE VALUES (24, 54378761234);
INSERT INTO TELEFONE VALUES (25, 54384761235);
INSERT INTO TELEFONE VALUES (26, 54397782347);

INSERT INTO TELEFONE VALUES (27, 43294654321);
INSERT INTO TELEFONE VALUES (28, 43288754320);
INSERT INTO TELEFONE VALUES (29, 43274604321);
INSERT INTO TELEFONE VALUES (30, 43268704322);
INSERT INTO TELEFONE VALUES (31, 43244604323);
INSERT INTO TELEFONE VALUES (32, 42338704324);
INSERT INTO TELEFONE VALUES (33, 67324604325);
INSERT INTO TELEFONE VALUES (34, 68338704326);
INSERT INTO TELEFONE VALUES (35, 69344704327);
INSERT INTO TELEFONE VALUES (36, 88357704328);
INSERT INTO TELEFONE VALUES (37, 74364604329);
INSERT INTO TELEFONE VALUES (38, 71378704330);
INSERT INTO TELEFONE VALUES (39, 99384704331);
INSERT INTO TELEFONE VALUES (40, 97397704332);

-- EMAIL
INSERT INTO EMAIL VALUES (1,  'email1@msn.com');
INSERT INTO EMAIL VALUES (2,  'email2@msn.com');
INSERT INTO EMAIL VALUES (3,  'email3@hotmail.com');
INSERT INTO EMAIL VALUES (4,  'email4@uol.com');
INSERT INTO EMAIL VALUES (4,  'email5@microsoft.com');
INSERT INTO EMAIL VALUES (5,  'email6@gmail.com');
INSERT INTO EMAIL VALUES (6,  'email7@gmail.com');
INSERT INTO EMAIL VALUES (6,  'email8@gmail.com');
INSERT INTO EMAIL VALUES (7,  'email9@gmail.com');
INSERT INTO EMAIL VALUES (8,  'email10@gmail.com');
INSERT INTO EMAIL VALUES (9,  'email11@outlook.com');
INSERT INTO EMAIL VALUES (9,  'email12@outlook.com');
INSERT INTO EMAIL VALUES (10, 'email13@outlook.com');
INSERT INTO EMAIL VALUES (1,  'email14@msn.com');
INSERT INTO EMAIL VALUES (9,  'email15@msn.com');

INSERT INTO EMAIL VALUES (11, 'email15@msn.com');
INSERT INTO EMAIL VALUES (12, 'email16@msn.com');
INSERT INTO EMAIL VALUES (13, 'email17@hotmail.com');
INSERT INTO EMAIL VALUES (14, 'email18@uol.com');
INSERT INTO EMAIL VALUES (15, 'email19@microsoft.com');
INSERT INTO EMAIL VALUES (16, 'email20@gmail.com');
INSERT INTO EMAIL VALUES (17, 'email21@gmail.com');
INSERT INTO EMAIL VALUES (18, 'email22@gmail.com');
INSERT INTO EMAIL VALUES (19, 'email23@gmail.com');
INSERT INTO EMAIL VALUES (20, 'email24@gmail.com');
INSERT INTO EMAIL VALUES (21, 'email25@outlook.com');
INSERT INTO EMAIL VALUES (22, 'email26@outlook.com');
INSERT INTO EMAIL VALUES (23, 'email27@outlook.com');
INSERT INTO EMAIL VALUES (24, 'email28@github.com');
INSERT INTO EMAIL VALUES (25, 'email29@facebook.com');

INSERT INTO EMAIL VALUES (26, 'email30@msn.com');
INSERT INTO EMAIL VALUES (27, 'email31@msn.com');
INSERT INTO EMAIL VALUES (28, 'email32@hotmail.com');
INSERT INTO EMAIL VALUES (29, 'email33@uol.com');
INSERT INTO EMAIL VALUES (30, 'email34@microsoft.com');
INSERT INTO EMAIL VALUES (31, 'email35@facebook.com');
INSERT INTO EMAIL VALUES (32, 'email36@magalu.com');
INSERT INTO EMAIL VALUES (33, 'email37@magalu.com');
INSERT INTO EMAIL VALUES (34, 'email38@uol.com');
INSERT INTO EMAIL VALUES (35, 'email39@ig.com');
INSERT INTO EMAIL VALUES (36, 'email40@bol.com');
INSERT INTO EMAIL VALUES (37, 'email41@outlook.com');
INSERT INTO EMAIL VALUES (38, 'email42@yahoo.com');
INSERT INTO EMAIL VALUES (39, 'email43@msn.com');
INSERT INTO EMAIL VALUES (40, 'email44@amazon.com');

-- EMPRESA
INSERT INTO EMPRESA VALUES (1,  14233567000123, 'APPLE COMPUTER INC.', 'APPLE');
INSERT INTO EMPRESA VALUES (2,  51533567000124, 'WALMART INC.', 'WALMART');
INSERT INTO EMPRESA VALUES (3,  55233567000125, 'GENERAL MOTORS CORPORATION', 'GM');
INSERT INTO EMPRESA VALUES (4,  12233567000126, 'PETRÓLEO BRASILEIRO S.A.', 'PETROBRAS');
INSERT INTO EMPRESA VALUES (5,  14233567011234, 'SAMSUNG ELECTRONICS LTD.', 'SAMSUNG');
INSERT INTO EMPRESA VALUES (6,  94545267110241, 'ROYAL DUTCH SHELL', 'SHELL');
INSERT INTO EMPRESA VALUES (7,  33117875486512, 'RED BULL GMBH', 'RED BULL');
INSERT INTO EMPRESA VALUES (8,  45214887454521, 'IBAC LTDA', 'CACAU SHOW');
INSERT INTO EMPRESA VALUES (9,  64878455411549, 'DISNEY ENTERPRISES INC.', 'DISNEY');
INSERT INTO EMPRESA VALUES (10, 24184512514650, 'AMAZON.COM INC.', 'AMAZON');

-- PESSOA_FÍSICA
INSERT INTO PESSOA_FISICA VALUES (11, 11111111111, 'ANA BEATRIZ GOMES', '04-FEB-1981');
INSERT INTO PESSOA_FISICA VALUES (12, 22222222222, 'GERALDO FRANSCICO DA SILVA', '05-MAR-1982');
INSERT INTO PESSOA_FISICA VALUES (13, 33333333333, 'MARIANA SOARES DE LIMA', '06-APR-1983');
INSERT INTO PESSOA_FISICA VALUES (14, 44444444444, 'LUIZ MELO DE SOUZA', '07-MAY-1984');
INSERT INTO PESSOA_FISICA VALUES (15, 55555555555, 'MARIA LUIZA FERREIRA', '08-OCT-1984');
INSERT INTO PESSOA_FISICA VALUES (16, 66666666666, 'VINÍCIUS DE MORAES', '09-DEC-2001');
INSERT INTO PESSOA_FISICA VALUES (17, 77777777777, 'WILLIAN SHAKESPEARE', '14-FEB-1989');
INSERT INTO PESSOA_FISICA VALUES (18, 88888888888, 'RENÉ DESCARTES', '25-MAR-1994');
INSERT INTO PESSOA_FISICA VALUES (19, 99999999999, 'MAO TSÉ-TUNG', '16-APR-1976');
INSERT INTO PESSOA_FISICA VALUES (20, 12121212122, 'CARLOS MAGNO', '17-DEC-1999');

INSERT INTO PESSOA_FISICA VALUES (21, 13131313133, 'FRANCISCO BUARQUE DE HOLLANDA', '24-MAR-1991');
INSERT INTO PESSOA_FISICA VALUES (22, 14141414141, 'REYNALDO CISOTTO JÚNIOR', '11-MAY-1972');
INSERT INTO PESSOA_FISICA VALUES (23, 21212121214, 'PAULO REGLUS NEVES FREIRE', '22-JUN-1989');
INSERT INTO PESSOA_FISICA VALUES (24, 44444474100, 'CARLOS DRUMMOND DE ANDRADE', '14-JULY-2002');
INSERT INTO PESSOA_FISICA VALUES (25, 98412574101, 'MARIA LUIZA DA SILVA', '18-OCT-1974');
INSERT INTO PESSOA_FISICA VALUES (26, 64555712560, 'VINÍCIUS PEREIRA DE ANDRADE', '19-JAN-1991');
INSERT INTO PESSOA_FISICA VALUES (27, 14896147807, 'ALVARO MAMUTE CAMARGO', '09-SEP-1981');
INSERT INTO PESSOA_FISICA VALUES (28, 75416475214, 'AYRTON SENNA DA SILVA', '15-NOV-1960');
INSERT INTO PESSOA_FISICA VALUES (29, 55425542157, 'ALBERTO SANTOS DUMONT', '06-AUG-1973');
INSERT INTO PESSOA_FISICA VALUES (30, 97423645179, 'JULIANNA CRISTINA DE SOUSA', '27-AUG-1994');

INSERT INTO PESSOA_FISICA VALUES (31, 94512479644, 'EDUARDA FERREIRA CARDOSO', '27-FEB-1998');
INSERT INTO PESSOA_FISICA VALUES (32, 46415541046, 'AMANDA BAPTISTA NEVES', '05-MAR-1986');
INSERT INTO PESSOA_FISICA VALUES (33, 48789621874, 'MÁRIO SANTIAGO JUNIOR', '06-APR-1983');
INSERT INTO PESSOA_FISICA VALUES (34, 14567445213, 'RENATA MENDES SILVA', '14-JUN-1977');
INSERT INTO PESSOA_FISICA VALUES (35, 31465741147, 'JOSÉ ALENCAR GOMES DA SILVA', '18-JULY-2000');
INSERT INTO PESSOA_FISICA VALUES (36, 01487454665, 'JÚLIA SANTANA GALVÃO', '29-SEP-2001');
INSERT INTO PESSOA_FISICA VALUES (37, 45416575543, 'ANA BEATRIZ DE SOUZA', '01-JAN-1996');
INSERT INTO PESSOA_FISICA VALUES (38, 24764731218, 'DERCY GONÇALVES COSTA', '25-NOV-2001');
INSERT INTO PESSOA_FISICA VALUES (39, 88452421466, 'MARINA ALVES CRUZ', '16-AUG-1991');
INSERT INTO PESSOA_FISICA VALUES (40, 45411213447, 'MARIA CAROLINA DA SILVA', '21-FEB-1987');

-- SÓCIOS
INSERT INTO SOCIO VALUES (11, 2, '11-DEC-2020', 258967.14, 0.15);
INSERT INTO SOCIO VALUES (12, 4, '05-MAR-1982', 57601.66, 0.01);
INSERT INTO SOCIO VALUES (13, 6, '21-JAN-2021', 14967.14, 0.03);
INSERT INTO SOCIO VALUES (14, 3, '15-APR-2017', 10000000, 0.2);
INSERT INTO SOCIO VALUES (15, 5, '11-DEC-2020', 487414.12, 0.08);
INSERT INTO SOCIO VALUES (16, 7, '26-SEP-2019', 3194047.10, 0.1);

-- DEPARTAMENTO
-- EMPRESA 1
INSERT INTO DEPARTAMENTO VALUES(seqDepartamento.nextval, 1, 'FINANÇAS', '07-FEB-2014', 'A');
INSERT INTO DEPARTAMENTO VALUES(seqDepartamento.nextval, 1, 'MARKETING', '02-FEB-2016', 'A');
-- EMPRESA 2
INSERT INTO DEPARTAMENTO VALUES(seqDepartamento.nextval, 2, 'FINANÇAS', '05-MAY-2013', 'A');
INSERT INTO DEPARTAMENTO VALUES(seqDepartamento.nextval, 2, 'MARKETING', '11-APR-2013', 'A');
-- EMPRESA 3
INSERT INTO DEPARTAMENTO VALUES(seqDepartamento.nextval, 3, 'DESENVOLVIMENTO E PESQUISA', '04-NOV-2011', 'A');
INSERT INTO DEPARTAMENTO VALUES(seqDepartamento.nextval, 3, 'MARKETING', '03-DEC-2011', 'A');
-- EMPRESA 4
INSERT INTO DEPARTAMENTO VALUES(seqDepartamento.nextval, 4, 'CONTROLE DE QUALIDADE', '14-NOV-1999', 'A');
INSERT INTO DEPARTAMENTO VALUES(seqDepartamento.nextval, 4, 'DESENVOLVIMENTO E PESQUISA', '13-MAY-2000', 'A');
-- EMPRESA 5
INSERT INTO DEPARTAMENTO VALUES(seqDepartamento.nextval, 5, 'TECNOLOGIA', '14-SEP-2008', 'A');
INSERT INTO DEPARTAMENTO VALUES(seqDepartamento.nextval, 5, 'COMERCIAL', '03-DEC-2008', 'A');
-- EMPRESA 6 
INSERT INTO DEPARTAMENTO VALUES(seqDepartamento.nextval, 6, 'CONTROLE E QUALIDADE', '07-FEB-2001', 'A');
INSERT INTO DEPARTAMENTO VALUES(seqDepartamento.nextval, 6, 'MARKETING', '27-MAY-2002', 'I');
-- EMPRESA 7
INSERT INTO DEPARTAMENTO VALUES(seqDepartamento.nextval, 7, 'COMERCIAL', '09-JUN-2004', 'A');
INSERT INTO DEPARTAMENTO VALUES(seqDepartamento.nextval, 7, 'FINANÇAS', '03-JULY-2004', 'A');
-- EMPRESA 8
INSERT INTO DEPARTAMENTO VALUES(seqDepartamento.nextval, 8, 'CONTROLE DE QUALIDADE', '16-APR-2005', 'A');
INSERT INTO DEPARTAMENTO VALUES(seqDepartamento.nextval, 8, 'PESQUISA E DESENVOLVIMENTO', '03-MAY-2005', 'A');
-- EMPRESA 9
INSERT INTO DEPARTAMENTO VALUES(seqDepartamento.nextval, 9, 'COMUNICAÇÃO', '02-JAN-1984', 'A');
INSERT INTO DEPARTAMENTO VALUES(seqDepartamento.nextval, 9, 'FINANÇAS', '03-SEP-1984', 'A');
-- EMPRESA 10
INSERT INTO DEPARTAMENTO VALUES(seqDepartamento.nextval, 10, 'COMUNICAÇÃO', '14-NOV-2001', 'A');
INSERT INTO DEPARTAMENTO VALUES(seqDepartamento.nextval, 10, 'COMERCIAL', '13-DEC-2011', 'A');

-- CONTRATO
INSERT INTO CONTRATO VALUES (seqContrato.nextval, 'CLT', '12-DEC-2012', 'CLT 1', 1736.26, 44);
INSERT INTO CONTRATO VALUES (seqContrato.nextval, 'CLT', '10-DEC-2013', 'CLT 2', 2336.62, 44);
INSERT INTO CONTRATO VALUES (seqContrato.nextval, 'PJ', '05-MAY-2021', 'PJ 1', 6047.66, 30);
INSERT INTO CONTRATO VALUES (seqContrato.nextval, 'ESTÁGIO', '11-APR-2020', 'ESTAGIÁRIO 1', 1200, 20);
INSERT INTO CONTRATO VALUES (seqContrato.nextval, 'CLT', '24-JUN-2018', 'CLT 3', 2744, 44);
INSERT INTO CONTRATO VALUES (seqContrato.nextval, 'CLT', '10-DEC-2013', 'CLT 2', 1336.62, 44);
INSERT INTO CONTRATO VALUES (seqContrato.nextval, 'TERCEIRIZADO', '25-JULY-2021', 'TC 1', 1200.80, 36);
INSERT INTO CONTRATO VALUES (seqContrato.nextval, 'ESTÁGIO', '27-APR-2021', 'ESTAGIÁRIO 2', 2000, 20);
INSERT INTO CONTRATO VALUES (seqContrato.nextval, 'CLT', '04-JULY-2019', 'CLT 3', 25000, 44);
INSERT INTO CONTRATO VALUES (seqContrato.nextval, 'CLT', '14-DEC-2014', 'CLT 2', 7548.14, 44);
INSERT INTO CONTRATO VALUES (seqContrato.nextval, 'CLT', '20-JULY-2015', 'CLT 1', 2136.80, 44);
INSERT INTO CONTRATO VALUES (seqContrato.nextval, 'PJ', '17-JUN-2020', 'PJ 2', 4284.97, 40);
INSERT INTO CONTRATO VALUES (seqContrato.nextval, 'CLT', '22-JUN-2021', 'CLT 1', 1736.26, 44);
INSERT INTO CONTRATO VALUES (seqContrato.nextval, 'CLT', '20-AUG-2013', 'CLT 2', 2336.62, 44);
INSERT INTO CONTRATO VALUES (seqContrato.nextval, 'PJ', '05-AUG-2021', 'PJ 1', 6047.66, 30);
INSERT INTO CONTRATO VALUES (seqContrato.nextval, 'ESTÁGIO', '10-APR-2020', 'ESTAGIÁRIO 1', 1200, 20);
INSERT INTO CONTRATO VALUES (seqContrato.nextval, 'CLT', '14-JULY-2018', 'CLT 3', 2744, 44);
INSERT INTO CONTRATO VALUES (seqContrato.nextval, 'CLT', '20-SEP-2019', 'CLT 2', 2336.62, 44);
INSERT INTO CONTRATO VALUES (seqContrato.nextval, 'TERCEIRIZADO', '25-OCT-2021', 'TC 1', 2200.80, 36);
INSERT INTO CONTRATO VALUES (seqContrato.nextval, 'ESTÁGIO', '27-APR-2021', 'ESTAGIÁRIO 2', 1800, 20);
INSERT INTO CONTRATO VALUES (seqContrato.nextval, 'CLT', '28-FEB-2019', 'CLT 3', 5000, 44);
INSERT INTO CONTRATO VALUES (seqContrato.nextval, 'CLT', '12-DEC-2018', 'CLT 2', 7002.14, 44);
INSERT INTO CONTRATO VALUES (seqContrato.nextval, 'CLT', '20-JULY-2015', 'CLT 1', 2136.80, 44);
INSERT INTO CONTRATO VALUES (seqContrato.nextval, 'PJ', '17-JUN-2020', 'PJ 2', 4284.97, 40);

-- FUNCIONARIO
INSERT INTO FUNCIONARIO VALUES(17, '12345', 1,  NULL, 1, 1);
INSERT INTO FUNCIONARIO VALUES(18, '12346', 1,  NULL, 2, 1);
INSERT INTO FUNCIONARIO VALUES(19, '12347', 2,  NULL, 3, 2);
INSERT INTO FUNCIONARIO VALUES(20, '12348', 2,  NULL, 4, 2);
INSERT INTO FUNCIONARIO VALUES(21, '12349', 3,  NULL, 5, 3);
INSERT INTO FUNCIONARIO VALUES(22, '22346', 3,  NULL, 6, 3);
INSERT INTO FUNCIONARIO VALUES(23, '22347', 4,  NULL, 7, 4);
INSERT INTO FUNCIONARIO VALUES(24, '22348', 4,  NULL, 8, 4);
INSERT INTO FUNCIONARIO VALUES(25, '22349', 5,  NULL, 9, 5);
INSERT INTO FUNCIONARIO VALUES(26, '22340', 5,  NULL, 10, 5);

INSERT INTO FUNCIONARIO VALUES(27, '32341', 6,  NULL, 11, 6);
INSERT INTO FUNCIONARIO VALUES(28, '32342', 6,  NULL, 12, 6);
INSERT INTO FUNCIONARIO VALUES(29, '32343', 7,  NULL, 13, 7);
INSERT INTO FUNCIONARIO VALUES(30, '32344', 7,  NULL, 14, 7);
INSERT INTO FUNCIONARIO VALUES(31, '32345', 8,  NULL, 15, 8);
INSERT INTO FUNCIONARIO VALUES(32, '32346', 8,  NULL, 16, 8);
INSERT INTO FUNCIONARIO VALUES(33, '32347', 9,  NULL, 17, 9);
INSERT INTO FUNCIONARIO VALUES(34, '32348', 9,  NULL, 18, 9);
INSERT INTO FUNCIONARIO VALUES(35, '32349', 10, NULL, 19, 10);
INSERT INTO FUNCIONARIO VALUES(36, '32340', 10, NULL, 20, 10);

INSERT INTO FUNCIONARIO VALUES(37, '42345', 1, 17, 21, 1);
INSERT INTO FUNCIONARIO VALUES(38, '42346', 2, 20, 22, 2);
INSERT INTO FUNCIONARIO VALUES(39, '42347', 5, 21, 23, 3);
INSERT INTO FUNCIONARIO VALUES(40, '42348', 8, 30, 24, 7);

-- CONTA_BANCARIA
INSERT INTO CONTA_BANCARIA VALUES(1, 1230, 10, 1);
INSERT INTO CONTA_BANCARIA VALUES(2, 1231, 10, 2);
INSERT INTO CONTA_BANCARIA VALUES(3, 1232, 11, 3);
INSERT INTO CONTA_BANCARIA VALUES(4, 1233, 12, 4);
INSERT INTO CONTA_BANCARIA VALUES(5, 1234, 14, 5);
INSERT INTO CONTA_BANCARIA VALUES(5, 1235, 15, 6);
INSERT INTO CONTA_BANCARIA VALUES(5, 1226, 15, 7);
INSERT INTO CONTA_BANCARIA VALUES(4, 1227, 15, 8);
INSERT INTO CONTA_BANCARIA VALUES(6, 1228, 18, 9);
INSERT INTO CONTA_BANCARIA VALUES(9, 1229, 18, 10);

INSERT INTO CONTA_BANCARIA VALUES(1, 2230, 10, 11);
INSERT INTO CONTA_BANCARIA VALUES(2, 2231, 10, 12);
INSERT INTO CONTA_BANCARIA VALUES(3, 2232, 11, 13);
INSERT INTO CONTA_BANCARIA VALUES(4, 2233, 12, 14);
INSERT INTO CONTA_BANCARIA VALUES(5, 2234, 14, 15);
INSERT INTO CONTA_BANCARIA VALUES(5, 2235, 15, 16);
INSERT INTO CONTA_BANCARIA VALUES(5, 2226, 15, 17);
INSERT INTO CONTA_BANCARIA VALUES(4, 2227, 15, 18);
INSERT INTO CONTA_BANCARIA VALUES(6, 2228, 18, 19);
INSERT INTO CONTA_BANCARIA VALUES(9, 2229, 18, 20);
INSERT INTO CONTA_BANCARIA VALUES(1, 3230, 10, 21);
INSERT INTO CONTA_BANCARIA VALUES(2, 3231, 10, 22);
INSERT INTO CONTA_BANCARIA VALUES(3, 3232, 11, 23);
INSERT INTO CONTA_BANCARIA VALUES(4, 3233, 12, 24);
INSERT INTO CONTA_BANCARIA VALUES(5, 3234, 14, 25);
INSERT INTO CONTA_BANCARIA VALUES(5, 3235, 15, 26);
INSERT INTO CONTA_BANCARIA VALUES(5, 3226, 15, 27);
INSERT INTO CONTA_BANCARIA VALUES(4, 3227, 15, 28);
INSERT INTO CONTA_BANCARIA VALUES(6, 3228, 18, 29);
INSERT INTO CONTA_BANCARIA VALUES(9, 3229, 18, 30);
INSERT INTO CONTA_BANCARIA VALUES(1, 4230, 10, 31);
INSERT INTO CONTA_BANCARIA VALUES(2, 4231, 10, 32);
INSERT INTO CONTA_BANCARIA VALUES(3, 4232, 11, 33);
INSERT INTO CONTA_BANCARIA VALUES(4, 4233, 12, 34);
INSERT INTO CONTA_BANCARIA VALUES(5, 4234, 14, 35);
INSERT INTO CONTA_BANCARIA VALUES(5, 4235, 15, 36);
INSERT INTO CONTA_BANCARIA VALUES(5, 4226, 15, 37);
INSERT INTO CONTA_BANCARIA VALUES(4, 4227, 15, 38);
INSERT INTO CONTA_BANCARIA VALUES(6, 4228, 18, 39);
INSERT INTO CONTA_BANCARIA VALUES(9, 4229, 18, 40);


-- INSERT VANTAGEM
INSERT INTO VANTAGEM VALUES(1, 'FÉRIAS REMUNERADAS', 1000);
INSERT INTO VANTAGEM VALUES(2, 'DÉCIMO TERCEIRO', 1100);
INSERT INTO VANTAGEM VALUES(3, 'HORAS EXTRAS', 2.80);
INSERT INTO VANTAGEM VALUES(4, 'LICENÇA MATERNIDADE', 1100);
INSERT INTO VANTAGEM VALUES(5, 'LICENÇA PATERNIDADE', 300);
INSERT INTO VANTAGEM VALUES(6, 'VALE TRANSPORTE', 200);

-- DESCONTO
INSERT INTO DESCONTO VALUES(1, 'INSS', 1100*0.2);
INSERT INTO DESCONTO VALUES(2, 'IMPOSTO DE RENDA', 0.075);
INSERT INTO DESCONTO VALUES(3, 'FALTAS', 89.90);
INSERT INTO DESCONTO VALUES(4, 'ATRASOS', 12.50);

-- PONTO
INSERT INTO PONTO VALUES(1, SYSDATE, 17);
INSERT INTO PONTO VALUES(2, SYSDATE, 18);
INSERT INTO PONTO VALUES(3, SYSDATE, 19);
INSERT INTO PONTO VALUES(4, SYSDATE, 20);
INSERT INTO PONTO VALUES(5, SYSDATE, 21);
INSERT INTO PONTO VALUES(6, SYSDATE, 22);
INSERT INTO PONTO VALUES(7, SYSDATE, 23);
INSERT INTO PONTO VALUES(8, SYSDATE, 24);
INSERT INTO PONTO VALUES(9, SYSDATE, 25);
INSERT INTO PONTO VALUES(10, SYSDATE, 26);
INSERT INTO PONTO VALUES(11, SYSDATE, 27);
INSERT INTO PONTO VALUES(12, SYSDATE, 28);

-- ENTRADA
INSERT INTO ENTRADA VALUES(TO_CHAR(CURRENT_TIMESTAMP, 'HH24:MI:SS'), 1);
INSERT INTO ENTRADA VALUES(TO_CHAR(CURRENT_TIMESTAMP, 'HH24:MI:SS'), 2);
INSERT INTO ENTRADA VALUES(TO_CHAR(CURRENT_TIMESTAMP, 'HH24:MI:SS'), 3);
INSERT INTO ENTRADA VALUES(TO_CHAR(CURRENT_TIMESTAMP, 'HH24:MI:SS'), 4);
INSERT INTO ENTRADA VALUES(TO_CHAR(CURRENT_TIMESTAMP, 'HH24:MI:SS'), 5);
INSERT INTO ENTRADA VALUES(TO_CHAR(CURRENT_TIMESTAMP, 'HH24:MI:SS'), 6);
INSERT INTO ENTRADA VALUES(TO_CHAR(CURRENT_TIMESTAMP, 'HH24:MI:SS'), 7);
INSERT INTO ENTRADA VALUES(TO_CHAR(CURRENT_TIMESTAMP, 'HH24:MI:SS'), 8);
INSERT INTO ENTRADA VALUES(TO_CHAR(CURRENT_TIMESTAMP, 'HH24:MI:SS'), 9);
INSERT INTO ENTRADA VALUES(TO_CHAR(CURRENT_TIMESTAMP, 'HH24:MI:SS'), 10);
INSERT INTO ENTRADA VALUES(TO_CHAR(CURRENT_TIMESTAMP, 'HH24:MI:SS'), 11);
INSERT INTO ENTRADA VALUES(TO_CHAR(CURRENT_TIMESTAMP, 'HH24:MI:SS'), 12);

-- SAIDA
INSERT INTO SAIDA VALUES(TO_CHAR(CURRENT_TIMESTAMP, 'HH24:MI:SS'), 1);
INSERT INTO SAIDA VALUES(TO_CHAR(CURRENT_TIMESTAMP, 'HH24:MI:SS'), 2);
INSERT INTO SAIDA VALUES(TO_CHAR(CURRENT_TIMESTAMP, 'HH24:MI:SS'), 3);
INSERT INTO SAIDA VALUES(TO_CHAR(CURRENT_TIMESTAMP, 'HH24:MI:SS'), 4);
INSERT INTO SAIDA VALUES(TO_CHAR(CURRENT_TIMESTAMP, 'HH24:MI:SS'), 5);
INSERT INTO SAIDA VALUES(TO_CHAR(CURRENT_TIMESTAMP, 'HH24:MI:SS'), 6);
INSERT INTO SAIDA VALUES(TO_CHAR(CURRENT_TIMESTAMP, 'HH24:MI:SS'), 7);
INSERT INTO SAIDA VALUES(TO_CHAR(CURRENT_TIMESTAMP, 'HH24:MI:SS'), 8);
INSERT INTO SAIDA VALUES(TO_CHAR(CURRENT_TIMESTAMP, 'HH24:MI:SS'), 9);
INSERT INTO SAIDA VALUES(TO_CHAR(CURRENT_TIMESTAMP, 'HH24:MI:SS'), 10);
INSERT INTO SAIDA VALUES(TO_CHAR(CURRENT_TIMESTAMP, 'HH24:MI:SS'), 11);
INSERT INTO SAIDA VALUES(TO_CHAR(CURRENT_TIMESTAMP, 'HH24:MI:SS'), 12);

-- PARTICIPACAO
INSERT INTO PARTICIPACAO VALUES(11, 1);
INSERT INTO PARTICIPACAO VALUES(12, 2);
INSERT INTO PARTICIPACAO VALUES(13, 3);
INSERT INTO PARTICIPACAO VALUES(14, 4);
INSERT INTO PARTICIPACAO VALUES(15, 5);
INSERT INTO PARTICIPACAO VALUES(16, 6);

-- BONUS
INSERT INTO BONUS VALUES (10, 0.1, 11, 1);
INSERT INTO BONUS VALUES (12, 0.25, 12, 2);
INSERT INTO BONUS VALUES (14, 0.5, 13, 3);
INSERT INTO BONUS VALUES (16, 1, 14, 4);

-- ACRESCIMO
INSERT INTO ACRESCIMO VALUES(1, 1);
INSERT INTO ACRESCIMO VALUES(2, 1);
INSERT INTO ACRESCIMO VALUES(3, 1);
INSERT INTO ACRESCIMO VALUES(6, 1);
INSERT INTO ACRESCIMO VALUES(6, 4);
INSERT INTO ACRESCIMO VALUES(2, 7);

-- APLICACAO
INSERT INTO APLICACAO VALUES(1, 1);
INSERT INTO APLICACAO VALUES(1, 2);
INSERT INTO APLICACAO VALUES(2, 2);
INSERT INTO APLICACAO VALUES(2, 9);

-- PAGAMENTO
INSERT INTO PAGAMENTO VALUES(1, 17, '12-MAY-2021');
INSERT INTO PAGAMENTO VALUES(1, 17, '12-JUN-2021');
INSERT INTO PAGAMENTO VALUES(1, 17, '12-JULY-2021');
INSERT INTO PAGAMENTO VALUES(1, 18, '12-MAY-2021');
INSERT INTO PAGAMENTO VALUES(1, 18, '12-JUN-2021');
INSERT INTO PAGAMENTO VALUES(1, 18, '12-JULY-2021');
INSERT INTO PAGAMENTO VALUES(2, 19, '20-MAY-2021');
INSERT INTO PAGAMENTO VALUES(2, 19, '20-JUN-2021');
INSERT INTO PAGAMENTO VALUES(2, 19, '20-JULY-2021');
INSERT INTO PAGAMENTO VALUES(2, 20, '20-MAY-2021');